name of book,price
The Psychology of Money,₹269.00
DO EPIC SHIT,₹369.00
Atomic Habits: The life-changing million copy…,₹482.00
Ikigai: The Japanese secret to a long and…,₹313.00
Word Power Made Easy,₹92.00
My First Library: Boxset of 10 Board Books for…,₹469.00
Rich Dad Poor Dad: What the Rich Teach…,₹292.00
Life's Amazing Secrets: How to Find Balance…,₹148.00
Grandma's Bag of Stories: Collection of 20+…,₹157.00
The Subtle Art of Not Giving a F*ck: A…,₹280.00
27 Years UPSC IAS/ IPS Prelims Topic-wise…,₹353.00
The Power of Your Subconscious Mind,₹125.00
400 Days,₹155.00
It Ends With Us: A Novel,₹204.00
The Alchemist,₹228.00
Quantitative Aptitude for Competitive…,₹467.00
My First Book of Pencil Control : Practice…,₹89.00
My First Mythology Tale (Illustrated) (Set of 5…,₹191.00
Moral Story Books for Kids (Pack of 10 Books)…,₹225.00
The Almanack Of Naval Ravikant: A Guide to…,₹234.00
World’s Greatest Books For Personal Growth…,₹346.00
Picture Books Collection for Early Learning…,₹240.00
How to Win Friends and Influence People,₹78.00
Karma: A Yogi's Guide to Crafting Your…,₹148.00
Very First Sight Words Sentences Level 1,₹110.00
Grandparents' Bag of Stories,₹158.00
Eat That Frog!: 21 Great Ways to Stop…,₹146.00
Writing Practice Boxset: Pack of 4 Books…,₹219.00
Attitude Is Everything: Change Your Attitude ...…,₹177.00
Sapiens: A Brief History of Humankind,₹372.00
General Knowledge,₹192.00
Rich Dad Poor Dad - 20Th Anniversary…,₹192.00
The Richest Man in Babylon,₹99.00
The Power of Your Subconscious Mind,₹99.00
Colour With Crayons Book 1 for Kids Age 1 -6…,₹49.00
My First Complete Learning Library: Boxset of…,₹909.00
Spoken English Course (Telugu),₹299.00
Who Will Cry When You Die?,₹135.00
General Knowledge 2022,₹195.00
Diary of a Wimpy Kid: Big Shot (Book 16),₹185.00
Wuthering Heights,₹99.00
Oswaal CBSE Question Bank Chapterwise…,₹848.00
The Intelligent Investor (English) Paperback –…,₹484.00
Man's Search For Meaning: The classic tribute…,₹259.00
One Arranged Murder,₹155.00
The Monk Who Sold His Ferrari,₹170.00
Indian Polity For Civil Services and Other…,₹672.00
The Diary of a Young Girl,₹99.00
Manorama English Yearbook 2022,₹294.00
101 Panchatantra Stories for Children:…,₹135.00
